id;last_name;first_name;email
1;Copland;Aaron;copland.aaron@mail.com
2;Turing;Alan;turing.alan@mail.com
3;Ginsberg;Allan;ginsberg.allan@mail.com
4;Mauresmo;Amélie;mauresmo.amélie@mail.com
5;Andy;Warhol;andy.warhold@mail.com
6;Jolie;Angélina;angélina.jolie@mail.com
7;Britten;Benjamin;benjamin.britten@mail.com
8;Delanoë;Bertrand;bertrand.delanoe@mail.com
9;Holiday;Billie;holiday.billie@mail.com
10;Boy;George;boy.george@mail.com
